<?xml version="1.0"?>
<doc>
    <assembly>
        <name>Qalam.Api</name>
    </assembly>
    <members>
        <member name="T:Qalam.Api.Controllers.Authentication.Core.AuthController">
            <summary>
            Core authentication operations: Register, Login, Logout, Token Management
            </summary>
        </member>
        <member name="M:Qalam.Api.Controllers.Authentication.Core.AuthController.Register(Qalam.Core.Features.Authentication.Commands.Register.RegisterCommand)">
            <summary>
            Register a new user account
            </summary>
            <param name="command">Registration details including username, email, password</param>
            <returns>Registration result with user information</returns>
        </member>
        <member name="M:Qalam.Api.Controllers.Authentication.Core.AuthController.Login(Qalam.Core.Features.Authentication.Commands.Login.LoginCommand)">
            <summary>
            Login with username and password
            </summary>
            <param name="command">Login credentials (username/email and password)</param>
            <returns>JWT access token and refresh token</returns>
        </member>
        <member name="M:Qalam.Api.Controllers.Authentication.Core.AuthController.SendPhoneOtp(Qalam.Core.Features.Authentication.Commands.SendPhoneOtp.SendPhoneOtpCommand)">
            <summary>
            Step 1: Send OTP to phone number
            </summary>
            <param name="command">Country code and phone number</param>
            <returns>Success message if OTP sent</returns>
        </member>
        <member name="M:Qalam.Api.Controllers.Authentication.Core.AuthController.VerifyOtpAndCreateAccount(Qalam.Core.Features.Authentication.Commands.VerifyOtpAndCreateAccount.VerifyOtpAndCreateAccountCommand)">
            <summary>
            Step 2: Verify OTP and create basic account
            </summary>
            <param name="command">Phone number and OTP code</param>
            <returns>User ID and temporary JWT token</returns>
        </member>
        <member name="M:Qalam.Api.Controllers.Authentication.Core.AuthController.CompletePersonalInfo(Qalam.Core.Features.Authentication.Commands.CompletePersonalInfo.CompletePersonalInfoCommand)">
            <summary>
            Step 3: Complete personal information
            </summary>
            <param name="command">Name, email, and password</param>
            <returns>Teacher ID and full JWT token</returns>
        </member>
        <member name="M:Qalam.Api.Controllers.Authentication.Core.AuthController.UploadTeacherDocuments(Qalam.Core.Features.Teacher.Commands.UploadTeacherDocuments.UploadTeacherDocumentsCommand)">
            <summary>
            Step 4: Upload identity documents and certificates
            </summary>
            <param name="command">Identity document, certificates, and location info</param>
            <returns>Success message if documents uploaded</returns>
        </member>
        <member name="M:Qalam.Api.Controllers.Authentication.Core.AuthController.GetIdentityTypes(System.Nullable{System.Boolean})">
            <summary>
            Get available identity types (optionally filtered by location)
            </summary>
            <param name="isInSaudiArabia">Filter by location: true for Saudi Arabia, false for outside, null for all</param>
            <returns>List of identity types with translations</returns>
        </member>
        <member name="M:Qalam.Api.Controllers.Authentication.Core.AuthController.GetDocumentTypes">
            <summary>
            Get all teacher document types
            </summary>
            <returns>List of document types with translations</returns>
        </member>
        <member name="T:Qalam.Api.Controllers.Education.ContentController">
            <summary>
            Content management: Units and Lessons
            </summary>
        </member>
        <member name="M:Qalam.Api.Controllers.Education.ContentController.GetContentUnits(Qalam.Core.Features.Content.Queries.GetContentUnitsList.GetContentUnitsListQuery)">
            <summary>
            Get all content units with pagination and filters
            </summary>
        </member>
        <member name="M:Qalam.Api.Controllers.Education.ContentController.CreateContentUnit(Qalam.Core.Features.Content.Commands.CreateContentUnit.CreateContentUnitCommand)">
            <summary>
            Create a new content unit (Admin only)
            </summary>
        </member>
        <member name="M:Qalam.Api.Controllers.Education.ContentController.GetLessons(Qalam.Core.Features.Content.Queries.GetLessonsList.GetLessonsListQuery)">
            <summary>
            Get all lessons with pagination and filters
            </summary>
        </member>
        <member name="M:Qalam.Api.Controllers.Education.ContentController.CreateLesson(Qalam.Core.Features.Content.Commands.CreateLesson.CreateLessonCommand)">
            <summary>
            Create a new lesson (Admin or Teacher)
            </summary>
        </member>
        <member name="T:Qalam.Api.Controllers.Education.CurriculumController">
            <summary>
            Curriculum management: List and manage curriculums
            </summary>
        </member>
        <member name="M:Qalam.Api.Controllers.Education.CurriculumController.GetCurriculums(System.Int32,System.Int32,System.String)">
            <summary>
            Get all curriculums with pagination
            </summary>
            <param name="pageNumber">Page number (default: 1)</param>
            <param name="pageSize">Page size (default: 10)</param>
            <param name="search">Search term for filtering by name</param>
            <returns>Paginated list of curriculums</returns>
        </member>
        <member name="M:Qalam.Api.Controllers.Education.CurriculumController.GetCurriculumById(System.Int32)">
            <summary>
            Get curriculum by ID
            </summary>
            <param name="id">Curriculum ID</param>
            <returns>Curriculum details</returns>
        </member>
        <member name="M:Qalam.Api.Controllers.Education.CurriculumController.CreateCurriculum(Qalam.Core.Features.Curriculum.Commands.CreateCurriculum.CreateCurriculumCommand)">
            <summary>
            Create a new curriculum
            </summary>
            <param name="command">Curriculum creation data</param>
            <returns>Created curriculum</returns>
        </member>
        <member name="M:Qalam.Api.Controllers.Education.CurriculumController.UpdateCurriculum(System.Int32,Qalam.Core.Features.Curriculum.Commands.UpdateCurriculum.UpdateCurriculumCommand)">
            <summary>
            Update an existing curriculum
            </summary>
            <param name="id">Curriculum ID</param>
            <param name="command">Curriculum update data</param>
            <returns>Updated curriculum</returns>
        </member>
        <member name="M:Qalam.Api.Controllers.Education.CurriculumController.DeleteCurriculum(System.Int32)">
            <summary>
            Delete a curriculum
            </summary>
            <param name="id">Curriculum ID</param>
            <returns>Deletion result</returns>
        </member>
        <member name="M:Qalam.Api.Controllers.Education.CurriculumController.ToggleCurriculumStatus(System.Int32)">
            <summary>
            Toggle curriculum active status
            </summary>
            <param name="id">Curriculum ID</param>
            <returns>Toggle result</returns>
        </member>
        <member name="T:Qalam.Api.Controllers.Education.EducationController">
            <summary>
            Education management: Domains, Levels, Grades, Terms
            </summary>
        </member>
        <member name="M:Qalam.Api.Controllers.Education.EducationController.GetDomains(Qalam.Core.Features.Education.Queries.GetEducationDomainsList.GetEducationDomainsListQuery)">
            <summary>
            Get all education domains with pagination
            </summary>
        </member>
        <member name="M:Qalam.Api.Controllers.Education.EducationController.GetDomainById(System.Int32)">
            <summary>
            Get education domain by ID
            </summary>
        </member>
        <member name="M:Qalam.Api.Controllers.Education.EducationController.CreateDomain(Qalam.Core.Features.Education.Commands.CreateEducationDomain.CreateEducationDomainCommand)">
            <summary>
            Create a new education domain (Admin only)
            </summary>
        </member>
        <member name="M:Qalam.Api.Controllers.Education.EducationController.UpdateDomain(System.Int32,Qalam.Core.Features.Education.Commands.UpdateEducationDomain.UpdateEducationDomainCommand)">
            <summary>
            Update an existing education domain (Admin only)
            </summary>
        </member>
        <member name="M:Qalam.Api.Controllers.Education.EducationController.DeleteDomain(System.Int32)">
            <summary>
            Delete an education domain (Admin only)
            </summary>
        </member>
        <member name="M:Qalam.Api.Controllers.Education.EducationController.GetLevels(Qalam.Core.Features.Education.Queries.GetLevelsList.GetLevelsListQuery)">
            <summary>
            Get all education levels with pagination and filters
            </summary>
        </member>
        <member name="M:Qalam.Api.Controllers.Education.EducationController.CreateLevel(Qalam.Core.Features.Education.Commands.CreateEducationLevel.CreateEducationLevelCommand)">
            <summary>
            Create a new education level (Admin only)
            </summary>
        </member>
        <member name="M:Qalam.Api.Controllers.Education.EducationController.GetGrades(Qalam.Core.Features.Education.Queries.GetGradesList.GetGradesListQuery)">
            <summary>
            Get all grades with pagination and filters
            </summary>
        </member>
        <member name="M:Qalam.Api.Controllers.Education.EducationController.CreateGrade(Qalam.Core.Features.Education.Commands.CreateGrade.CreateGradeCommand)">
            <summary>
            Create a new grade (Admin only)
            </summary>
        </member>
        <member name="T:Qalam.Api.Controllers.Education.QuranController">
            <summary>
            Quran-related data: Levels, Parts, Surahs
            </summary>
        </member>
        <member name="M:Qalam.Api.Controllers.Education.QuranController.GetQuranLevels(Qalam.Core.Features.Quran.Queries.GetQuranLevelsList.GetQuranLevelsListQuery)">
            <summary>
            Get all Quran levels with pagination
            </summary>
        </member>
        <member name="M:Qalam.Api.Controllers.Education.QuranController.GetQuranParts">
            <summary>
            Get all Quran parts (Juz)
            </summary>
        </member>
        <member name="M:Qalam.Api.Controllers.Education.QuranController.GetQuranSurahs(Qalam.Core.Features.Quran.Queries.GetQuranSurahsList.GetQuranSurahsListQuery)">
            <summary>
            Get all Quran surahs with pagination and filters
            </summary>
        </member>
        <member name="T:Qalam.Api.Controllers.Education.SubjectsController">
            <summary>
            Subject management: CRUD operations for all subjects
            </summary>
        </member>
        <member name="M:Qalam.Api.Controllers.Education.SubjectsController.GetSubjects(Qalam.Core.Features.Subjects.Queries.GetSubjectsList.GetSubjectsListQuery)">
            <summary>
            Get all subjects with pagination and filters
            </summary>
        </member>
        <member name="M:Qalam.Api.Controllers.Education.SubjectsController.GetSubjectById(System.Int32)">
            <summary>
            Get subject by ID with full details
            </summary>
        </member>
        <member name="M:Qalam.Api.Controllers.Education.SubjectsController.GetSubjectsByGrade(System.Int32)">
            <summary>
            Get subjects by grade ID
            </summary>
        </member>
        <member name="M:Qalam.Api.Controllers.Education.SubjectsController.CreateSubject(Qalam.Core.Features.Subjects.Commands.CreateSubject.CreateSubjectCommand)">
            <summary>
            Create a new subject (Admin only)
            </summary>
        </member>
        <member name="M:Qalam.Api.Controllers.Education.SubjectsController.UpdateSubject(System.Int32,Qalam.Core.Features.Subjects.Commands.UpdateSubject.UpdateSubjectCommand)">
            <summary>
            Update an existing subject (Admin only)
            </summary>
        </member>
        <member name="M:Qalam.Api.Controllers.Education.SubjectsController.DeleteSubject(System.Int32)">
            <summary>
            Delete a subject (Admin only)
            </summary>
        </member>
        <member name="T:Qalam.Api.Controllers.Education.TeachingController">
            <summary>
            Teaching configuration: Modes, Session Types, Time Slots
            </summary>
        </member>
        <member name="M:Qalam.Api.Controllers.Education.TeachingController.GetTeachingModes(Qalam.Core.Features.Teaching.Queries.GetTeachingModesList.GetTeachingModesListQuery)">
            <summary>
            Get all teaching modes with pagination
            </summary>
        </member>
        <member name="M:Qalam.Api.Controllers.Education.TeachingController.GetSessionTypes(Qalam.Core.Features.Teaching.Queries.GetSessionTypesList.GetSessionTypesListQuery)">
            <summary>
            Get all session types with pagination
            </summary>
        </member>
        <member name="M:Qalam.Api.Controllers.Education.TeachingController.GetTimeSlots(Qalam.Core.Features.Teaching.Queries.GetTimeSlotsList.GetTimeSlotsListQuery)">
            <summary>
            Get all time slots with pagination and filters
            </summary>
        </member>
    </members>
</doc>
